name_modele;norm_model;clust_new
adaptive sampling latent variable network;adaptive sampling latent variable network;-1
additive hazards model with latent variable;additive hazards model with latent variable;-1
animal latent inhibition model;animal latent inhibition model;41
autocorrelated latent variable model;autocorrelated latent variable model;1
bayesian cognitive model;bayesian cognitive model;41
bayesian finite mixture model;bayesian finite mixture model;9
bayesian hui walter latent class model;bayesian hui walter latent class model;6
bayesian latent class extension;bayesian latent variable model;12
bayesian latent variable collapsing model;bayesian latent variable collapsing model;12
bayesian latent variable selection;bayesian latent variable selection model;26
bayesian latent variable selection model;bayesian latent variable selection model;26
bayesian network;bayesian network;33
bifactor model;bifactor model;10
bifactor s 1 model;bifactor model;10
bootstrap your own latent;bootstrap your own latent;0
canonical correlation model;canonical correlation model;39
canonical polyadic decomposition;canonical polyadic decomposition;39
categorical latent variable model;categorical latent variable model;6
cognitive diagnosis model;cognitive diagnosis model;41
common factor model;latent factor model;10
conditional latent curve model;conditional latent curve model;30
conditional random field;conditional random field;16
confirmatory factor model;confirmatory factor model;10
confirmatory latent class model;confirmatory latent class model;6
confirmatory latent profile model;confirmatory latent profile model;6
constrained product indicator;constrained product indicator;35
contrastive latent variable model;contrastive latent variable model;0
correlated first order syndrome specific factor model;correlated first order syndrome specific factor model;10
correspondence model;correspondence model;39
count latent regression model;count latent regression model;26
ct c m 1 model;ct c m 1 model;10
day level latent profile model;day level latent profile model;6
dina model;dina model;41
dual factor model of mental health;dual factor model of mental health;10
dynamic unigram model;dynamic unigram model;15
dysphoric arousal model;dysphoric arousal model;-1
endogenous attribute attendance;endogenous attribute attendance;14
factorial latent variable model;factorial latent variable model;10
finite mixture model;finite mixture model;9
formative latent variable model;formative latent variable model;10
fused lasso latent feature model;fused lasso latent feature model;10
gamma frailty model;gamma frailty model;18
gaussian bernoulli mixture;gaussian bernoulli mixture;9
gaussian conditional random field;gaussian conditional random field;16
gaussian graphical model;gaussian graphical model;16
gaussian process switching linear dynamical system;gaussian process switching linear dynamical system;15
gaussian random effects model;gaussian random effects model;18
general latent structure model;latent structure model;2
generalized affine model;generalized affine model;19
generalized appended product indicator;generalized appended product indicator;35
generalized multicomponent latent trait model for diagnosis;multicomponent latent trait model;28
generative adversarial network;generative adversarial network;0
generative topographic mapping;generative topographic mapping;39
genetic factor model;genetic factor model;10
grouped random effects model;grouped random effects model;18
hidden boltzmann model;hidden boltzmann model;16
hidden covariates with prior;hidden covariates with prior;7
hidden ising model;hidden ising model;7
hidden state shape model;hidden state shape model;7
hidden variable model;hidden variable model;7
hierarchical dirichlet process switching linear dynamical system;hierarchical dirichlet process switching linear dynamical system;13
higher order factor model;higher order factor model;10
hybrid model;hybrid model;2
independent component model;independent component model;39
indicator specific growth model;indicator specific growth model;30
infinite latent feature model;infinite latent feature model;13
infinite warped mixture model;infinite warped mixture model;9
integrated choice and latent variable model;integrated choice and latent variable model;14
kalman filter;kalman filter;15
latent acceleration framework;latent acceleration framework;24
latent activation scheme;latent activation scheme;0
latent actor partner interdependence model;latent actor partner interdependence model;27
latent alignment;latent alignment;29
latent basis growth model;latent basis growth model;30
latent beliefs model;latent beliefs model;41
latent beta liouville allocation;latent beta liouville allocation;13
latent block distance association model;latent block distance association model;16
latent block model;latent block model;6
latent capture history model;latent capture history model;6
latent categorical model;latent categorical model;6
latent causal variable model;latent cause model;33
latent cause model;latent cause model;33
latent cause network;latent cause network;16
latent change framework;latent change framework;4
latent change scaling model;latent change scaling model;4
latent class;latent class model;6
latent class accelerated hazard model;latent class accelerated hazard model;6
latent class model;latent class model;6
latent class conditional noise model;latent class conditional noise model;6
latent class discrete outcome model;latent class discrete outcome model;6
latent class duration model;latent class duration model;6
latent class extended mixed model;latent class extended mixed model;6
latent class growth trajectories;latent class trajectory model;21
latent class instrumental variable;latent class instrumental variable;6
latent class irt;latent class item response theory;34
latent class label model;latent class label model;6
latent class meta model;latent class meta model;6
latent class moderation;latent class moderation;35
latent class multitrait multimethod model;latent class multitrait multimethod model;6
latent class negative binomial model;latent class negative binomial model;6
latent class parameterized correlation bivariate generalized ordered probit;latent class parameterized correlation bivariate generalized ordered probit;36
latent class signal detection theory;signal detection theory;41
latent class stochastic frontier model;latent class stochastic frontier model;6
latent class stochastic output distance model;latent class stochastic output distance model;6
latent class survival model;latent class survival model;6
latent class tobit model;latent class tobit model;6
latent class trajectories;latent class trajectory model;21
latent class twin model;latent class twin model;6
latent classification model;latent class model;6
latent cognitive processes;latent cognitive processes;41
latent component structure;latent component structure;39
latent conditional individual level model;latent conditional individual level model;18
latent congruence model;latent congruence model;25
latent congruency model;latent congruence model;25
latent construct;latent constructs model;2
latent constructs model;latent constructs model;2
latent deprivation model;latent deprivation model;-1
latent diffusion transformer;latent diffusion transformer;11
latent disease model;latent disease model;6
latent dynamical model;latent dynamical model;15
latent dynamical systems model;latent dynamical model;15
latent dynamics model;latent dynamical model;15
latent early life associated regulation;latent early life associated regulation model;30
latent early life associated regulation model;latent early life associated regulation model;30
latent emax model;latent emax model;26
latent environmental factor;latent environmental factor;10
latent environmental threshold model;latent environmental threshold model;10
latent force model;latent force model;9
latent functional;latent functional;39
latent gaussian copula differential network model;latent gaussian copula differential network model;16
latent gaussian copula model;latent gaussian copula model;27
latent gaussian directed acyclic graph model;latent gaussian directed acyclic graph model;33
latent generative model;latent generative model;0
latent genetic factor;latent genetic factor;10
latent gold statistical package;latent gold statistical package;-1
latent growth curve methodology;latent growth curve model;30
latent growth model with structured residuals;latent growth model with structured residuals;30
latent health needs;latent health needs;-1
latent hiv infection model;latent hiv infection model;7
latent imagination;latent imagination;0
latent infection model;latent infection model;7
latent inhibition;latent inhibition model;41
latent inhibition model;latent inhibition model;41
latent interacting variable effects model;latent interacting variable effects model;35
latent interdependence model;latent interdependence model;27
latent ising model;latent ising model;16
latent learning;latent learning;41
latent liability model;latent liability model;22
latent marked hawkes process;latent marked hawkes process;5
latent means model;latent means model;2
latent mixed gaussian copula model;latent mixed gaussian copula model;27
latent network model;latent network model;16
latent normal model;latent normal model;5
latent ordinal model;latent ordinal model;36
latent pacemaker;latent pacemaker;15
latent pandemic space model;latent pandemic space model;37
latent pattern representation;latent pattern representation;10
latent pru;latent pru;2
latent rater agreement model;latent rater agreement model;25
latent retinal archetypes;latent retinal archetypes;39
latent risk class model;latent risk class model;6
latent scale model;latent scale model;34
latent score growth model;latent score growth model;30
latent sensitization;latent sensitization;2
latent shape model;latent shape model;39
latent source model;latent source model;39
latent space variable decoding;latent space variable decoding;37
latent stability model;latent stability model;29
latent state residual factor;latent state residual factor;28
latent stochastic process;latent stochastic process;5
latent structure model;latent structure model;2
latent structure influence model;latent structure influence model;33
latent subgroup estimation;latent subgroup model;6
latent subgroup model;latent subgroup model;6
latent t model;latent t model;5
latent target interaction profile;latent target interaction profile;35
latent theme dictionary model;latent theme dictionary model;13
latent therapeutic demand model;latent therapeutic demand model;-1
latent time series model;latent time series model;1
latent trait state occasion model;latent trait state occasion model;28
latent transfer learning;latent transfer learning;0
latent typed point process;latent typed point process;5
latent variable based gaming detection;latent variable based gaming detection;41
latent variable causal model;latent variable causal model;33
latent variable distribution enhancement sampler;latent variable distribution enhancement sampler;2
latent variable estimation;latent variable estimation;2
latent variable family fixed effects model;latent variable family fixed effects model;18
latent variable for average age and parity of cows;latent variable for average age and parity of cows;18
latent variable forest;latent variable forest;38
latent variable gaussian graphical model;gaussian graphical model;16
latent variable graphical model;latent variable graphical model;16
latent variable investigation;latent variable investigation;2
latent variable methylation surrogate;latent variable methylation surrogate;26
latent variable mixed effects location scale model;latent variable mixed effects location scale model;18
latent variable regression discontinuity model;latent variable regression discontinuity model;26
latent variable stochastic ensemble of trees;latent tree model;38
latent variable trait state occasion model;latent trait state occasion model;28
latent variable transformation model;latent variable transformation model;10
latent variance model;latent variance model;18
linear growth model;linear growth model;30
linear latent pattern representation;linear latent pattern representation;39
local hidden state model;local hidden state model;7
local hidden variable model;local hidden variable model;7
logistic latent trait model;logistic latent trait model;34
logistic regression latent class model;logistic regression latent class model;26
long short term memory network;long short term memory network;0
matrix factor model;matrix factor model;10
maximum entropy hidden markov model;maximum entropy hidden markov model;7
microcompetition model;microcompetition model;15
mimic model;multiple indicator multiple cause model;40
min entropy latent model;min entropy latent model;0
mixed effects location scale model;mixed effects location scale model;18
mixed manifest and latent variable model;mixed manifest and latent variable model;18
mixture binomial;mixture binomial;9
mover stayer mixture model;mover stayer mixture model;9
moving average structure;moving average structure;1
multi group latent class model;multi group latent class model;6
multi group path model;multi group path model;26
multicomponent latent trait model;multicomponent latent trait model;28
multicomponent latent trait model for diagnosis;multicomponent latent trait model;28
multidimensional item response theory;multidimensional item response theory;34
multiphase latent growth curve model;multiphase latent growth curve model;30
multivariate stochastic volatility multivariate generalized autoregressive conditional heteroskedasticity;multivariate stochastic volatility multivariate generalized autoregressive conditional heteroskedasticity;1
nested factor model;nested factor model;10
network psychometrics;network psychometrics;16
non negative matrix factorization;nonnegative matrix factorization;39
nonlinear latent pattern representation;nonlinear latent pattern representation;39
nonnegative matrix factorization;nonnegative matrix factorization;39
orthogonal projections to latent structures;orthogonal projections to latent structures;32
orthogonal projections to latent structures discriminant model;orthogonal projections to latent structures discriminant model;32
partial credit model;partial credit model;34
partially latent class model;partially latent class model;6
piecewise latent curve model;piecewise latent curve model;30
poisson variable framework;poisson variable framework;36
potts model;potts model;16
principal axis factor model;principal axis factor model;10
principal component model;principal component model;39
principal component regression;principal component regression;26
probabilistic estimation of expression residuals;probabilistic estimation of expression residuals;39
probabilistic independent component model;probabilistic independent component model;39
probabilistic nonnegative matrix factorization;probabilistic nonnegative matrix factorization;39
probabilistic principal component model;probabilistic principal component model;39
product indicator;product indicator;35
psychometric latent agreement model;psychometric latent agreement model;25
psychometric network model;psychometric network model;16
polya gamma variable;polya gamma variable;22
quantitative trait loci mapping;quantitative trait loci mapping;10
quantum choice model;quantum choice model;14
random effects factor model;random effects factor model;10
random feature latent variable model;random feature latent variable model;39
random intercept latent transition model;random intercept latent transition model;23
random parameters;random parameters;18
random partition model;random partition model;13
rasch model;rasch model;34
rectified latent variable model;rectified latent variable model;0
recurrent switching linear dynamical system;recurrent switching linear dynamical system;15
reduced rank latent model;reduced rank latent model;39
relevance units latent variable model;relevance units latent variable model;0
reliability corrected single indicator latent moderated structural equations;reliability corrected single indicator latent moderated structural equations;33
repeated measures latent class model;repeated measures latent class model;6
residual network model;residual network model;16
restricted boltzmann machine;restricted boltzmann machine;0
restricted latent class model;restricted latent class model;6
reversal learning;reversal learning;41
second order latent constructs;second order latent constructs;20
shared random effect model;shared random effect model;18
signal detection theory;signal detection theory;41
simplex model;simplex model;29
size independent model;size independent model;2
smoothing mixture model;smoothing mixture model;9
social relations model;social relations model;27
soft independent model of class analogy;soft independent model of class analogy;6
sparse bayesian infinite factor;sparse bayesian infinite factor;10
sparse latent factor model;sparse latent factor model;10
stochastic block model;stochastic block model;16
structured latent support vector machine;structured latent support vector machine;26
sufficient direction factor model;sufficient direction factor model;10
supervised latent factor model;supervised latent factor model;10
surrogate variable model;surrogate variable model;26
symmetric non negative latent factor model;symmetric non negative latent factor model;10
symmetrical bifactor model;symmetrical bifactor model;10
symptom network model;symptom network model;16
systemic inflammation latent variable;systemic inflammation latent variable;2
taxometric model;taxometric model;6
three level latent variable regression;three level latent variable regression;26
time varying effect model;time varying effect model;15
topographic latent source model;topographic latent source model;39
trait state occasion model;latent trait state occasion model;28
transformation latent variable model;transformation latent variable model;2
tree based latent variable model;latent tree model;38
tripartite model of perfectionists;tripartite model of perfectionists;6
twin latent variable model;twin latent variable model;10
two way latent structure model;two way latent structure model;10
unconstrained product indicator;unconstrained product indicator;35
vector quantized generative adversarial network;vector quantized generative adversarial network;0
weibull mixture model;weibull mixture model;9
autoencoder;autoencoder;0
sparse autoencoder;sparse autoencoder;0
variational autoencoder;variational autoencoder;0
vector quantized variational autoencoder;vector quantized variational autoencoder;0
autoregressive latent trajectory model;autoregressive latent trajectory model;1
autoregressive latent trajectory model;autoregressive latent trajectory model;1
autoregressive model;latent autoregressive model;1
cross lagged panel model;latent cross lagged panel model;1
gaussian autoregressive latent process;gaussian autoregressive latent process;1
latent autoregressive model;latent autoregressive model;1
latent class vector autoregression;latent class vector autoregression model;1
latent class vector autoregression model;latent class vector autoregression model;1
latent cross lagged panel model;latent cross lagged panel model;1
latent state trait autoregressive model;latent state trait autoregressive model;1
latent time varying covariate cross lagged panel model;latent time varying covariate cross lagged panel model;1
latent time varying covariate model;latent time varying covariate model;1
latent variable autoregressive latent trajectory model;autoregressive latent trajectory model;1
latent vector autoregressive model;latent autoregressive model;1
random intercept cross lagged panel model;random intercept cross lagged panel model;1
vector autoregressive model;latent autoregressive model;1
curve of factor model;curve of factor model;10
factor model;latent factor model;10
factor model model;latent factor model;10
joint factor model;joint factor model;10
joint latent class model;latent class joint model;10
joint latent class profile model;joint latent class profile model;6
joint latent class tree;joint latent class tree;38
joint latent space model;latent space joint model;37
joint latent variable model;joint latent variable model;10
latent class factor model;latent class factor model;10
latent class joint model;latent class joint model;10
latent class profile model;latent profile model;6
latent class tree;latent tree model;38
latent class tree model;latent tree model;38
latent factor model;latent factor model;10
latent model factor model;latent model factor model;10
latent profile model;latent profile model;6
latent profile;latent profile model;6
latent space joint model;latent space joint model;37
latent space model;latent space model;37
latent tree model;latent tree model;38
state space model;state space model;10
diffusion model;diffusion model;11
diffusion probabilistic model;latent diffusion model;11
latent diffusion model;latent diffusion model;11
latent feature diffusion model;latent feature diffusion model;11
latent motion diffusion model;latent motion diffusion model;11
latent semantic model;latent semantic model;11
latent state diffusion model;latent state diffusion model;11
probabilistic hidden variable model;probabilistic hidden variable model;11
probabilistic latent class model;probabilistic latent class model;11
probabilistic latent diffusion model;latent diffusion model;11
probabilistic latent semantic model;latent semantic model;11
probabilistic latent space model;probabilistic latent space model;37
dimensional latent variable model;multidimensional latent variable model;12
multidimensional latent trait linear mixed model;multidimensional latent trait linear mixed model;12
multidimensional latent variable model;multidimensional latent variable model;12
unidimensional factor model;unidimensional latent variable model;12
unidimensional latent variable model;unidimensional latent variable model;12
unidimensional monotone latent variable model;unidimensional monotone latent variable model;12
dirichlet process;dirichlet process;13
dirichlet process mixture model;dirichlet process mixture model;13
hierarchical dirichlet process hidden markov model;hierarchical dirichlet process hidden markov model;13
latent class allocation;latent class allocation;13
latent dirichlet allocation;latent dirichlet allocation;13
discrete choice model;discrete choice model;14
discrete latent factor model;discrete latent variable model;14
discrete latent model;discrete latent variable model;14
discrete latent variable model;discrete latent variable model;14
latent class choice model;latent class choice model;14
dynamic factor model;dynamic factor model;15
dynamic latent class model;dynamic latent class model;15
dynamic latent variable model;latent dynamical model;15
dynamic latent variable;latent dynamical model;15
latent variable multilevel model;multilevel latent variable model;3
multilevel latent class model;multilevel latent class model;6
multilevel latent variable model;multilevel latent variable model;3
multilevel dynamic latent variable model;multilevel latent dynamical model;15
multilevel latent covariate model;multilevel latent covariate model;3
multilevel latent growth curve model;multilevel latent growth curve model;30
multilevel latent growth model;multilevel latent growth curve model;30
multilevel latent markov model;multilevel latent markov model;7
multilevel latent profile model;multilevel latent profile model;6
multilevel model;multilevel latent variable model;3
exploratory factor model;exploratory factor model;10
exploratory graph model;exploratory graph model;16
exploratory latent class model;exploratory latent class model;6
exploratory latent profile model;exploratory latent profile model;6
exploratory structural equation model;exploratory structural equation model;33
fuzzy c means clustering;fuzzy c means clustering;17
k means clustering;k means clustering;17
latent class clustering;latent class cluster model;6
latent class clustering model;latent class cluster model;6
gaussian linear mixed model;gaussian linear mixed model;18
latent class linear mixed model;latent class linear mixed model;18
latent class mixed model;latent class linear mixed model;18
latent factor linear mixed model;latent factor linear mixed model;18
latent variable linear mixed model;linear mixed model;18
linear factor model;linear factor model;18
linear gaussian state space model;linear gaussian state space model;18
linear latent variable model;linear mixed model;18
linear mixed model;linear mixed model;18
generalized additive latent and mixed model;generalized additive latent and mixed model;19
generalized linear latent and mixed model;generalized linear latent and mixed model;19
generalized linear latent variable model;generalized linear latent variable model;19
generalized loglinear model;generalized loglinear model;19
bayesian factor regression model;bayesian factor regression model;10
bayesian joint model;bayesian joint model;18
bayesian latent class;bayesian latent class model;6
bayesian latent class model;bayesian latent class model;6
bayesian latent class mixture model;bayesian latent class mixture model;9
bayesian latent factor model;bayesian latent factor model;10
bayesian latent model;bayesian latent variable model;12
bayesian latent variable model;bayesian latent variable model;12
bayesian latent variable regression;bayesian latent variable regression;26
deep latent variable model;deep latent variable model;0
deep latent variable path model;deep latent variable path model;0
diffusion item response theory;diffusion item response theory;34
dynamic latent class structural equation model;dynamic latent class structural equation model;33
dynamic structural equation model;dynamic structural equation model;33
factor mixture model;mixture factor model;9
growth curve model;latent growth curve model;30
growth mixture model;latent class growth mixture model;30
indirect latent variable response model;indirect latent variable response model;2
indirect response model;indirect response model;2
item response theory;item response theory model;34
item response theory model;item response theory model;34
latent class bayesian model;bayesian latent class model;6
latent class growth mixture model;latent class growth mixture model;30
latent class growth model;latent class growth model;30
latent class growth curve model;latent class growth curve model;30
latent class inflated poisson regression model;latent class inflated poisson regression model;36
latent class item response model;latent class item response theory;34
latent class item response theory;latent class item response theory;34
latent class mediation;latent class mediation model;35
latent class mediation model;latent class mediation model;35
latent class mixture model;latent class mixture model;9
latent class ordered probit model;latent class ordered probit model;36
latent class ordered regression model;latent class ordered regression model;36
latent class regression;latent class regression model;26
latent class regression model;latent class regression model;26
latent curve model;latent growth curve model;30
latent factor regression;latent factor regression;26
latent growth curve;latent growth curve model;30
latent growth curve model;latent growth curve model;30
latent growth curve mediation model;latent growth curve mediation model;35
latent growth item response model;latent growth item response model;34
latent growth latent variable model;latent growth latent variable model;30
latent growth mixed model;latent growth mixed model;30
latent growth mixture model;latent class growth mixture model;30
latent growth model;latent growth curve model;30
latent growth structural equation model;latent growth structural equation model;30
latent interaction model;latent variable interaction model;35
latent mediated moderation model;latent mediated moderation model;35
latent mediation model;latent class mediation model;35
latent mixture model;latent mixture model;9
latent moderated mediation model;latent moderated mediation model;35
latent moderated model;latent moderated structural equation model;35
latent moderated structural equation model;latent moderated structural equation model;35
latent moderated structural equations;latent moderated structural equation model;35
latent moderated structural equations model;latent moderated structural equation model;35
latent moderated structural model;latent moderated structural equation model;35
latent moderated structures;latent moderated structural equation model;35
latent path model;latent variable path model;26
latent probit model;latent probit model;36
latent process poisson regression model;latent process poisson regression model;36
latent process regression model;latent process regression model;26
latent regression model;latent class regression model;26
latent response mixture model;latent response mixture model;2
latent response model;latent response model;34
latent response variable;latent response model;34
latent response variable mediation model;latent response variable mediation model;35
latent root regression;latent root regression;26
latent space item response model;latent space item response theory;34
latent space item response theory;latent space item response theory;34
latent structural equation model;latent variable structural equation model;33
latent structural model;latent variable structural equation model;33
latent trait structural equation model;latent trait structural equation model;33
latent variable;latent variable model;2
latent variable model;latent variable model;2
latent variable growth curve model;latent growth curve model;30
latent variable growth model;latent growth curve model;30
latent variable indirect response joint model;latent variable indirect response joint model;2
latent variable indirect response model;latent variable indirect response model;2
latent variable interaction;latent variable interaction model;35
latent variable interaction model;latent variable interaction model;35
latent variable interaction structural equation model;latent variable interaction structural equation model;33
latent variable item response theory;latent variable item response theory;34
latent variable mediation model;latent class mediation model;35
latent variable mixture model;latent variable mixture model;9
latent variable path model;latent variable path model;26
latent variable regression;latent class regression model;26
latent variable regression growth curve model;latent variable regression growth curve model;30
latent variable structural equation covariance model;latent variable structural equation model;33
latent variable structural equation model;latent variable structural equation model;33
latent variable structural equations model;latent variable structural equation model;33
latent variable structural model;latent variable structural equation model;33
mixture factor model;mixture factor model;9
mixture item response theory;mixture item response theory;34
ordered latent class model;ordered latent class model;36
ordered probit model;ordered probit model;36
path model;path model;26
poisson regression model;poisson regression model;36
probit latent class model;probit latent class model;36
regression mixture model;regression mixture model;26
spatial bayesian latent factor model;spatial bayesian latent factor model;37
spatial model;spatial model;37
structural equation model;latent variable structural equation model;33
structural equation mixture model;structural equation mixture model;33
structural equation model with latent variable;latent variable structural equation model;33
zero inflated poisson model;zero inflated poisson model;36
zero inflated quasi poisson latent factor model;zero inflated quasi poisson latent factor model;36
generalized growth mixture model;generalized growth mixture model;20
generalized second order growth model;generalized growth mixture model;20
second order factor model;second order factor model;20
second order growth mixture model;second order growth mixture model;20
second order latent variable model;generalized growth mixture model;20
group based trajectory model;latent class trajectory model;21
latent class trajectory;latent class trajectory model;21
latent class trajectory model;latent class trajectory model;21
latent growth trajectory model;latent growth trajectory model;21
latent linear trajectory model;latent linear trajectory model;21
latent trajectory model;latent class trajectory model;21
latent trajectory class model;latent class trajectory model;21
binary latent variable model;binary latent variable model;22
latent class binary logit model;latent class logit model;22
latent class logit;latent class logit model;22
latent class logit model;latent class logit model;22
mixed logit model;mixed logit model;22
latent class mixed effects model;latent class mixed effects model;18
latent class mixed effects transition model;latent class mixed effects transition model;23
latent class transition model;latent class transition model;23
latent profile transition model;latent profile transition model;23
latent transition model;latent transition model;23
latent transition growth mixture model;latent transition growth mixture model;23
latent transition profile model;latent transition profile model;23
latent transitional model;latent transition model;23
mixed effects model;mixed effects model;18
mixed effects rasch model;mixed effects rasch model;34
latent difference factor model;latent difference factor model;24
latent difference model;latent change score model;4
latent difference score model;latent change score model;4
latent difference score structural equation model;latent difference score structural equation model;24
latent difference scores model;latent change score model;4
latent differential equation;latent differential equation model;24
latent differential equation model;latent differential equation model;24
latent differential structural equation model;latent differential structural equation model;24
latent selection difference;latent selection difference;24
latent stochastic differential equation model;latent stochastic differential equation model;24
latent measurement model;latent variable measurement model;25
latent variable measurement model;latent variable measurement model;25
measurement error model;latent variable measurement model;25
structural measurement error model;structural measurement error model;25
latent multinomial model;latent multinomial model;26
latent variable multinomial regression;latent multinomial model;26
multinomial latent class model;multinomial latent class model;26
multinomial latent variable regression;latent multinomial model;26
multinomial logit latent class model;multinomial latent class model;26
latent multivariate gaussian model;latent multivariate gaussian model;27
latent multivariate log gamma model;latent multivariate log gamma model;27
multivariate latent class growth model;multivariate latent growth model;27
multivariate latent growth model;multivariate latent growth model;27
multivariate latent variable model;multivariate latent variable model;27
multivariate probit model;multivariate probit model;27
latent state model;latent state model;28
latent state trait model;latent state trait model;28
latent state trait theory;latent state trait model;28
latent trait factor;latent trait factor;28
latent trait latent class model;latent trait latent class model;28
latent trait model;latent trait model;28
latent trait state model;latent state trait model;28
latent transition longitudinal mixture model;latent transition longitudinal mixture model;29
latent variable longitudinal design;latent variable longitudinal design;29
longitudinal common factor model;longitudinal common factor model;29
longitudinal latent class model;longitudinal latent class model;29
longitudinal latent exposure model;longitudinal latent exposure model;29
bayesian hierarchical latent variable model;bayesian hierarchical model;3
bayesian hierarchical model;bayesian hierarchical model;3
bayesian latent hierarchical model;bayesian hierarchical model;3
hierarchical bayesian latent class model;hierarchical bayesian latent class model;3
hierarchical bayesian latent variable model;bayesian hierarchical model;3
hierarchical bayesian model;bayesian hierarchical model;3
hierarchical linear model;hierarchical linear model;3
latent hierarchical model;bayesian hierarchical model;3
latent index model;multiple index latent factor model;10
multiple index latent factor model;multiple index latent factor model;10
multiple indicator multiple cause latent variable model;multiple indicator multiple cause model;40
multiple indicator multiple cause model;multiple indicator multiple cause model;40
multiple indicator multiple causes model;multiple indicator multiple cause model;40
multiple indicators multiple causes model;multiple indicator multiple cause model;40
parallel latent growth curve model;parallel latent growth curve model;31
parallel latent growth model;parallel latent growth curve model;31
parallel process latent class growth model;parallel latent growth curve model;31
parallel process latent growth curve model;parallel latent growth curve model;31
parallel process latent growth model;parallel latent growth curve model;31
partial least squares;projection to latent structures path model;32
partial least squares model with latent variable;projection to latent structures path model;32
partial least squares path model;projection to latent structures path model;32
partial least squares projection to latent structures;projection to latent structures path model;32
partial least squares projection to latent structures based discriminant model;projection to latent structures path model;32
partial least squares regression;projection to latent structures regression;32
project to latent structures;projection to latent structures path model;32
projection to latent structures;projection to latent structures path model;32
bivariate latent change score model;bivariate latent change score model;4
latent bivariate correlation model;latent bivariate correlation model;4
latent change model model;latent change score model;4
latent change model;latent change score model;4
latent change score;latent change score model;4
latent change score model;latent change score model;4
latent class bivariate model;latent class bivariate model;4
latent growth change model;latent change score model;4
latent true change model;latent change score model;4
bivariate normal distribution;bivariate normal distribution;5
cox distribution;cox distribution;5
ising distribution;ising distribution;5
latent normal distribution;latent normal distribution model;5
latent normal distribution model;latent normal distribution model;5
cluster model;latent class cluster model;6
latent class cluster;latent class cluster model;6
latent class cluster model;latent class cluster model;6
latent cluster model;latent class cluster model;6
continuous hidden markov model;hidden markov model;7
hidden markov model;hidden markov model;7
hidden markov random field model;hidden markov random field model;7
hidden markov regression model;hidden markov regression model;7
hidden semi markov model;hidden semi markov model;7
latent markov factor model;latent markov factor model;7
latent markov latent trait model;latent markov latent trait model;7
latent markov model;hidden markov model;7
markov model;markov model;7
mixture latent markov model;mixture latent markov model;7
covariance pattern mixture model;covariance pattern mixture model;8
latent class pattern mixture model;latent class pattern mixture model;8
pattern mixture latent trajectory model;pattern mixture latent trajectory model;8
pattern mixture model;pattern mixture model;8
cox process model;cox process model;9
gaussian mixture model;gaussian mixture model;9
gaussian process;gaussian process model;9
gaussian process dynamical model;gaussian process dynamical model;9
gaussian process latent variable model;gaussian process latent variable model;9
gaussian process model;gaussian process model;9
latent factor gaussian process model;latent factor gaussian process model;9
latent gaussian model;latent gaussian model;9
latent gaussian process;gaussian process latent variable model;9
latent gaussian process model;gaussian process latent variable model;9
latent process model;latent process model;9
latent variable poisson model;latent variable poisson model;9
poisson gaussian process latent variable model;poisson gaussian process latent variable model;9
